,Model,Accuracy_score,Precision_score,ROC_AUC_score
0,LogisticRegression,0.5126050420168067,0.5916666666666667,0.5320990281620203
